{
  "views": [
    {
      "name": "View 1",
      "eye": [
        -12.00199470713366,
        42.14793418003721,
        -4.527263686436523
      ],
      "target": [
        215.26398761037305,
        259.4604998804323,
        -149.56576104686945
      ],
      "up": [
        0.3027236538383176,
        0.28946546791985717,
        0.9080573397581878
      ],
      "worldUpVector": [
        0,
        0,
        1
      ],
      "pivotPoint": [
        0,
        0,
        9.5367431640625e-7
      ],
      "distanceToOrbit": -20.469653180745027,
      "aspectRatio": 1.961184934344629,
      "projection": "perspective",
      "isOrthographic": false,
      "fieldOfView": 53.13010235415598,
      "id": 1
    },
    {
      "name": "View 2",
      "eye": [
        -41.487091237848915,
        -68.91723487220048,
        26.711823465053268
      ],
      "target": [
        2.860798023366776,
        -1.8657432939804721,
        0.06640949879072267
      ],
      "up": [
        0.17356083501286726,
        0.26241413201488417,
        0.9492183415150125
      ],
      "worldUpVector": [
        0,
        0,
        1
      ],
      "pivotPoint": [
        0,
        0,
        9.5367431640625e-7
      ],
      "distanceToOrbit": 84.69129760620427,
      "aspectRatio": 1.961184934344629,
      "projection": "orthographic",
      "isOrthographic": true,
      "orthographicHeight": 84.69129760620424,
      "id": 2
    },
    {
      "name": "View 3",
      "eye": [
        19.26739535987726,
        42.39193313902136,
        -4.527263686436523
      ],
      "target": [
        -265.6372214223128,
        236.44668726155538,
        -37.43403176289121
      ],
      "up": [
        -0.07854100958339592,
        0.05349599622281109,
        0.9954745040440512
      ],
      "worldUpVector": [
        0,
        0,
        1
      ],
      "pivotPoint": [
        0,
        0,
        9.5367431640625e-7
      ],
      "distanceToOrbit": -8.334160288293493,
      "aspectRatio": 1.961184934344629,
      "projection": "perspective",
      "isOrthographic": false,
      "fieldOfView": 53.13010235415598,
      "id": 3
    },
    {
      "name": "View 4",
      "eye": [
        36.9749137231746,
        31.07306706191141,
        -9.448523566502441
      ],
      "target": [
        -27.919666499262952,
        -308.9055549373568,
        1.2273224343382196
      ],
      "up": [
        0.005780416413614971,
        0.03028323783198289,
        0.9995246431641875
      ],
      "worldUpVector": [
        0,
        0,
        1
      ],
      "pivotPoint": [
        0,
        0,
        9.5367431640625e-7
      ],
      "distanceToOrbit": 37.72805736458926,
      "aspectRatio": 1.961184934344629,
      "projection": "perspective",
      "isOrthographic": false,
      "fieldOfView": 53.13010235415598,
      "id": 4
    }
  ]
}